lookup,id,title,sprint,start,targetDate,priority,lead,owner,status,screens,issueUrl
"GH-FE-01","UI-V2","Duyệt bộ giao diện Stitch V2, xây dựng Design System tokens (màu Forest Green #315D4B, font Manrope), Master layout (Sidebar 224px, Header 64px, Content 1440px) và routing cơ bản trên Frontend","Sprint 1","28/09/2026","30/09/2026","P0 Critical","Lead + Frontend Dev","","Todo","AUTH01;AUTH02;AUTH03;AUTH04;AUTH05;AUTH06;AUTH07;AUTH08;SYS01;SYS02;H01;H02;H03;H04;T01;T02;T03;T04;T05;V01;V02;V03;V04;V05;V06;O01;O02;M01;M02;M03;M04;T03-CREATE;V02-RX;V06-CREATE;H04-GROOM;H03-OWNER","https://github.com/MichaelTran1226/Racehorse_Training_Management_System_MT_FE/issues/1"
"GH-BE-01","FOUNDATION","Khởi tạo Backend, chốt Stack kỹ thuật (Node/NestJS hoặc Express/TS + SQLite/Postgres ORM), thiết kế Database Schema ban đầu, cấu hình Migration, Docker setup, CI pipeline và Health check endpoint","Sprint 1","28/09/2026","30/09/2026","P0 Critical","Lead + Backend Dev","","Todo","","https://github.com/MichaelTran1226/Racehorse_Training_Management_System_MT_BE/issues/1"
"GH-BE-02","AUTH-LOGIN","Xác thực Đăng nhập & Quản lý Session/JWT","Sprint 1","01/10/2026","02/10/2026","P0 Critical","Backend Dev + Frontend Dev","","Todo","AUTH01;SYS01;SYS02","https://github.com/MichaelTran1226/Racehorse_Training_Management_System_MT_BE/issues/2"
"GH-BE-03","AUTH-REGISTER","Đăng ký tài khoản Chủ sở hữu ngựa (Horse Owner) & Xác thực OTP qua Email","Sprint 1","01/10/2026","03/10/2026","P0 Critical","Backend Dev + Frontend Dev","","Todo","AUTH02;AUTH03;AUTH04","https://github.com/MichaelTran1226/Racehorse_Training_Management_System_MT_BE/issues/3"
"GH-BE-04","AUTH-RESET","Quy trình Quên mật khẩu & Đặt lại mật khẩu an toàn","Sprint 1","02/10/2026","04/10/2026","P0 Critical","Backend Dev + Frontend Dev","","Todo","AUTH05;AUTH06;AUTH07","https://github.com/MichaelTran1226/Racehorse_Training_Management_System_MT_BE/issues/4"
"GH-BE-05","AUTH-STAFF","Mời nhân sự nội bộ (Manager, Trainer, Vet, Groom) & Quản lý danh sách nhân sự","Sprint 1","02/10/2026","04/10/2026","P0 Critical","Backend Dev + Frontend Dev","","Todo","AUTH08;M02;M03","https://github.com/MichaelTran1226/Racehorse_Training_Management_System_MT_BE/issues/5"
"GH-BE-06","AUTH-SCOPE","Phân quyền RBAC 5 vai trò & Cách ly dữ liệu Chủ ngựa","Sprint 1","03/10/2026","04/10/2026","P0 Critical","Backend Dev + QA Tester","","Todo","SYS01;O01;M03","https://github.com/MichaelTran1226/Racehorse_Training_Management_System_MT_BE/issues/6"
"GH-BE-07","FR-021","Hệ thống Nhật ký kiểm toán bất biến (Audit Trail Logging)","Sprint 1","03/10/2026","04/10/2026","P0 Critical","Backend Dev + Frontend Dev","","Todo","M04;V04;V05","https://github.com/MichaelTran1226/Racehorse_Training_Management_System_MT_BE/issues/7"
"GH-BE-08","FR-002","Quản lý Hồ sơ & Định danh ngựa (Microchip RFID)","Sprint 1","02/10/2026","04/10/2026","P0 Critical","Fullstack Dev + QA Tester","","Todo","H01;H02;H03;O01;H03-OWNER","https://github.com/MichaelTran1226/Racehorse_Training_Management_System_MT_BE/issues/8"
"GH-BE-09","FR-003","Sơ đồ phân bổ ô chuồng trại (Stall Allocation)","Sprint 2","05/10/2026","07/10/2026","P0 Critical","Frontend Dev + Backend Dev","","Todo","H04;H04-GROOM","https://github.com/MichaelTran1226/Racehorse_Training_Management_System_MT_BE/issues/9"
"GH-BE-10","FR-008","Bảng theo dõi trạng thái sức khỏe đàn ngựa theo mã màu (Health Status Board)","Sprint 2","05/10/2026","07/10/2026","P0 Critical","Frontend Dev + Backend Dev","","Todo","V01","https://github.com/MichaelTran1226/Racehorse_Training_Management_System_MT_BE/issues/10"
"GH-BE-11","FR-009","Bệnh án điện tử, chẩn đoán, phác đồ điều trị & Kê đơn thuốc","Sprint 2","06/10/2026","08/10/2026","P0 Critical","Backend Dev + Frontend Dev","","Todo","V02;V02-RX","https://github.com/MichaelTran1226/Racehorse_Training_Management_System_MT_BE/issues/11"
"GH-BE-12","FR-010","Bản đồ chấn thương 2D trên mô hình hệ xương giải phẫu (2D Skeletal Injury Mapper)","Sprint 2","07/10/2026","09/10/2026","P0 Critical","Frontend Dev + Backend Dev","","Todo","V03","https://github.com/MichaelTran1226/Racehorse_Training_Management_System_MT_BE/issues/12"
"GH-BE-13","FR-011","Quy trình Ban hành Lệnh Khóa huấn luyện khẩn cấp (Medical Lock) & Tái khám mở khóa","Sprint 2","08/10/2026","10/10/2026","P0 Critical","Backend Dev + Frontend Dev","","Todo","V04;V05","https://github.com/MichaelTran1226/Racehorse_Training_Management_System_MT_BE/issues/13"
"GH-BE-18","FR-012","Quản lý Lịch trình y tế dự phòng (Tiêm phòng vaccine, tẩy giun, kiểm tra móng Farrier)","Sprint 2","09/10/2026","11/10/2026","P1 High","Fullstack Dev + QA Tester","","Todo","V06;V06-CREATE","https://github.com/MichaelTran1226/Racehorse_Training_Management_System_MT_BE/issues/18"
"GH-BE-14","FR-004","Lập kế hoạch giáo án huấn luyện chi tiết theo từng giai đoạn","Sprint 3","12/10/2026","14/10/2026","P0 Critical","Backend Dev + Frontend Dev","","Todo","T01;T02","https://github.com/MichaelTran1226/Racehorse_Training_Management_System_MT_BE/issues/14"
"GH-BE-15","FR-005","Thực thi cơ chế Chặn xếp lịch tự động bởi Lệnh 'Khóa huấn luyện' (Medical Lock Enforcement)","Sprint 3","12/10/2026","14/10/2026","P0 Critical","Backend Dev + QA Tester","","Todo","T05","https://github.com/MichaelTran1226/Racehorse_Training_Management_System_MT_BE/issues/15"
"GH-BE-16","FR-006","Phân công lịch tập luyện hàng ngày & Điều phối lượt chạy thử (Time Trial)","Sprint 3","13/10/2026","15/10/2026","P0 Critical","Frontend Dev + Backend Dev","","Todo","T03;T03-CREATE","https://github.com/MichaelTran1226/Racehorse_Training_Management_System_MT_BE/issues/16"
"GH-BE-17","FR-007","Ghi nhận kết quả buổi tập, đánh giá phong độ & Cập nhật biểu đồ thể lực","Sprint 3","14/10/2026","16/10/2026","P0 Critical","Fullstack Dev + QA Tester","","Todo","T04;O02","https://github.com/MichaelTran1226/Racehorse_Training_Management_System_MT_BE/issues/17"
"GH-BE-19","MVP-QA","Nghiệm thu toàn trình liên luồng MVP-QA (End-to-End Integration Testing)","Sprint 3","15/10/2026","18/10/2026","P0 Critical","Lead QA + Toàn Đội Dev","","Todo","AUTH01;AUTH02;AUTH03;AUTH04;AUTH05;AUTH06;AUTH07;AUTH08;SYS01;SYS02;H01;H02;H03;H04;T01;T02;T03;T04;T05;V01;V02;V03;V04;V05;V06;O01;O02;M01;M02;M03;M04;T03-CREATE;V02-RX;V06-CREATE;H04-GROOM;H03-OWNER","https://github.com/MichaelTran1226/Racehorse_Training_Management_System_MT_BE/issues/19"